"","Replicate","Individual","Group","Individual_Trait","Trait","Time","Phenotype","B0","B1","B2","B12","I","S1","S2","S12","X1","X2","X1X2","G","e"
"1","1",1,"1","1","1",1,2.55633684918624,3.4,1.3,0,3,-0.777428101424693,-0.505340356813343,0,-0.109508224870092,-0.0461028296710993,0.299559039866351,-0.0138105193913964,0,0.0103202014983658
"26","1",1,"1","1","1",26,0.392789575163639,3.4,1.3,0,3,-0.777428101424693,-0.505340356813343,0,-0.109508224870092,-1.00257551237699,0.458891328721066,-0.46007320901788,0,-0.103238197854684
"31","1",1,"1","1","1",31,2.20072522310044,3.4,1.3,0,3,-0.777428101424693,-0.505340356813343,0,-0.109508224870092,0.340419044452272,-0.449172898403646,-0.152907008868427,0,-0.250387500379348
"32","1",1,"1","1","1",32,4.13344162517664,3.4,1.3,0,3,-0.777428101424693,-0.505340356813343,0,-0.109508224870092,-1.16261869768424,-0.741563846555871,0.862155993532505,0,-0.0572989221194333
"50","1",1,"1","1","1",50,8.00968893934895,3.4,1.3,0,3,-0.777428101424693,-0.505340356813343,0,-0.109508224870092,1.29403492031324,1.20071262970535,1.55376407209986,0,-0.132342558170554
"58","1",1,"1","1","1",58,-1.93396482413678,3.4,1.3,0,3,-0.777428101424693,-0.505340356813343,0,-0.109508224870092,0.752857208341002,-2.44819090253217,-1.8431381683662,0,0.172773752827668
"85","1",1,"1","1","1",85,-0.899452632193492,3.4,1.3,0,3,-0.777428101424693,-0.505340356813343,0,-0.109508224870092,-0.80925463815012,1.21280843465378,-0.981470850931157,0,-0.0420091066230144
"90","1",1,"1","1","1",90,4.10229320456382,3.4,1.3,0,3,-0.777428101424693,-0.505340356813343,0,-0.109508224870092,-0.870115277962844,-0.829455846486352,0.721722204423378,0,0.0850347064913207
"98","1",1,"1","1","1",98,3.21004882707713,3.4,1.3,0,3,-0.777428101424693,-0.505340356813343,0,-0.109508224870092,0.238987977913449,0.192807539784811,0.0460786840596389,0,0.264372769964029
"103","1",2,"1","2","1",3,3.32365769723504,3.4,1.3,0,3,-0.324722644957573,0.126272684515913,0,-1.39978520387067,-0.0150223336290284,0.982778834302509,-0.0147636315324399,0,0.293431267928192
"117","1",2,"1","2","1",17,2.41751603234261,3.4,1.3,0,3,-0.324722644957573,0.126272684515913,0,-1.39978520387067,-1.86994801119503,-0.531522222206964,0.993918922321875,0,0.418810681480122
"120","1",2,"1","2","1",20,2.54432458164309,3.4,1.3,0,3,-0.324722644957573,0.126272684515913,0,-1.39978520387067,-1.55681398848206,-0.50979926813118,0.793662631944538,0,0.419457806472298
"135","1",2,"1","2","1",35,2.87831887931422,3.4,1.3,0,3,-0.324722644957573,0.126272684515913,0,-1.39978520387067,0.498389057726709,-1.21455221782193,-0.605319535400158,0,0.0608441019080305
"146","1",2,"1","2","1",46,3.54927926296641,3.4,1.3,0,3,-0.324722644957573,0.126272684515913,0,-1.39978520387067,1.08913210956967,-0.451013316989798,-0.491213085377111,0,-0.293351022511626
"153","1",2,"1","2","1",53,4.48884683280606,3.4,1.3,0,3,-0.324722644957573,0.126272684515913,0,-1.39978520387067,0.780719600804552,0.212910356747265,0.16622328872688,0,0.0340574707879049
"154","1",2,"1","2","1",54,2.57986055040443,3.4,1.3,0,3,-0.324722644957573,0.126272684515913,0,-1.39978520387067,-0.984316358318808,-0.405726471439232,0.399363202840605,0,0.269419823939164
"163","1",2,"1","2","1",63,5.19041065561747,3.4,1.3,0,3,-0.324722644957573,0.126272684515913,0,-1.39978520387067,1.38890586896565,0.111656505462559,0.155080375745144,0,-0.113987113551168
"168","1",2,"1","2","1",68,0.913945444634299,3.4,1.3,0,3,-0.324722644957573,0.126272684515913,0,-1.39978520387067,-0.696971844665873,0.969900174729854,-0.675993113923218,0,-0.0855258235030498
"193","1",2,"1","2","1",93,3.12476324990816,3.4,1.3,0,3,-0.324722644957573,0.126272684515913,0,-1.39978520387067,0.0292990091143609,-0.482418891072599,-0.014134395486476,0,0.0303155872743388
"207","1",3,"1","3","1",7,1.16258339086255,3.4,1.3,0,3,-1.11591388115839,-0.991635542404356,0,1.45920469321603,0.201422440372309,-1.20263331591239,-0.242237337364115,0,-0.103428377905841
"214","1",3,"1","3","1",14,1.84835611145651,3.4,1.3,0,3,-1.11591388115839,-0.991635542404356,0,1.45920469321603,-0.38542104299071,0.22384437068015,-0.0862743308151425,0,0.0678350443576288
"221","1",3,"1","3","1",21,-3.56155569485421,3.4,1.3,0,3,-1.11591388115839,-0.991635542404356,0,1.45920469321603,1.7968236458689,-0.795633641144977,-1.42961333985806,0,-0.0247798480698969
"234","1",3,"1","3","1",34,1.0870911279548,3.4,1.3,0,3,-1.11591388115839,-0.991635542404356,0,1.45920469321603,-1.74323199828042,0.124365408672639,-0.216797759877365,0,0.307301387050163
"235","1",3,"1","3","1",35,-0.444316332107353,3.4,1.3,0,3,-1.11591388115839,-0.991635542404356,0,1.45920469321603,0.498389057726709,-1.21455221782193,-0.605319535400158,0,-0.182844209254736
"243","1",3,"1","3","1",43,-1.72285435203411,3.4,1.3,0,3,-1.11591388115839,-0.991635542404356,0,1.45920469321603,1.35795105732827,-0.683708347310986,-0.92844247313512,0,-0.285569278524964
"262","1",3,"1","3","1",62,-6.7763618033099,3.4,1.3,0,3,-1.11591388115839,-0.991635542404356,0,1.45920469321603,-1.49314941932133,1.26173780684772,-1.88396307363044,0,-0.199036731574668
"266","1",3,"1","3","1",66,8.53570637745639,3.4,1.3,0,3,-1.11591388115839,-0.991635542404356,0,1.45920469321603,-0.962068800647789,-1.44685250736435,1.39197165647426,0,0.341201539122502
"282","1",3,"1","3","1",82,7.75994174544599,3.4,1.3,0,3,-1.11591388115839,-0.991635542404356,0,1.45920469321603,-0.721958146271287,-1.75531802789649,1.26726614953672,0,0.0474826972181244
"289","1",3,"1","3","1",89,4.95180767100533,3.4,1.3,0,3,-1.11591388115839,-0.991635542404356,0,1.45920469321603,-0.961345077263466,-0.713440397411657,0.685862413972587,0,-0.0942346898107266
"292","1",3,"1","3","1",92,0.496721094248848,3.4,1.3,0,3,-1.11591388115839,-0.991635542404356,0,1.45920469321603,1.30007780063358,-0.380216341525727,-0.494310825055713,0,0.0159703405786466
"295","1",3,"1","3","1",95,8.85129972780746,3.4,1.3,0,3,-1.11591388115839,-0.991635542404356,0,1.45920469321603,-0.990613843273336,-1.53636856198892,1.52194796587617,0,0.0860061971679563
"308","1",4,"1","4","1",8,2.50275337956414,3.4,1.3,0,3,-1.36566893579995,-2.62046055066222,0,0.33508710867161,-0.462178170755126,-0.116482993686304,0.0538358969460169,0,-0.321413132383715
"309","1",4,"1","4","1",9,-6.25904481669152,3.4,1.3,0,3,-1.36566893579995,-2.62046055066222,0,0.33508710867161,1.53012156789869,-1.26846651913646,-1.94090797908807,0,0.200186467410568
"336","1",4,"1","4","1",36,-2.71726938665669,3.4,1.3,0,3,-1.36566893579995,-2.62046055066222,0,0.33508710867161,-0.787332199506057,2.17000235014336,-1.70851272327168,0,-0.0932028021857892
"337","1",4,"1","4","1",37,-0.0789237349432512,3.4,1.3,0,3,-1.36566893579995,-2.62046055066222,0,0.33508710867161,0.914283197365837,-0.268472049554492,-0.24545948387004,0,-0.0873511445322362
"381","1",4,"1","4","1",81,3.42360726660274,3.4,1.3,0,3,-1.36566893579995,-2.62046055066222,0,0.33508710867161,-1.17702006618079,0.0838815436902651,-0.0987302601056629,0,0.164341655387311
"392","1",4,"1","4","1",92,-1.15172799290315,3.4,1.3,0,3,-1.36566893579995,-2.62046055066222,0,0.33508710867161,1.30007780063358,-0.380216341525727,-0.494310825055713,0,0.179212051745278
"398","1",4,"1","4","1",98,2.05332020870756,3.4,1.3,0,3,-1.36566893579995,-2.62046055066222,0,0.33508710867161,0.238987977913449,0.192807539784811,0.0460786840596389,0,0.180886916232902
"408","1",5,"1","5","1",8,3.81929645021447,3.4,1.3,0,3,0.326362497604944,-1.30040353145487,0,0.530667250435725,-0.462178170755126,-0.116482993686304,0.0538358969460169,0,-0.0973291890652649
"410","1",5,"1","5","1",10,5.72165976744912,3.4,1.3,0,3,0.326362497604944,-1.30040353145487,0,0.530667250435725,-1.11966251827131,-0.500816920739607,0.56074593466819,0,0.0150381434512644
"422","1",5,"1","5","1",22,3.10717202260601,3.4,1.3,0,3,0.326362497604944,-1.30040353145487,0,0.530667250435725,-0.67180194600085,0.468186173784724,-0.31452838263927,0,0.491033491701394
"425","1",5,"1","5","1",25,4.15079119454044,3.4,1.3,0,3,0.326362497604944,-1.30040353145487,0,0.530667250435725,0.244139841573906,0.512280324962224,0.125068037377706,0,-0.0170464086047791
"435","1",5,"1","5","1",35,1.6689447077162,3.4,1.3,0,3,0.326362497604944,-1.30040353145487,0,0.530667250435725,0.498389057726709,-1.21455221782193,-0.605319535400158,0,0.0799651854591244
"437","1",5,"1","5","1",37,2.97900185362122,3.4,1.3,0,3,0.326362497604944,-1.30040353145487,0,0.530667250435725,0.914283197365837,-0.268472049554492,-0.24545948387004,0,0.119644059053887
"439","1",5,"1","5","1",39,4.06356222864222,3.4,1.3,0,3,0.326362497604944,-1.30040353145487,0,0.530667250435725,-0.491339297512221,-0.27772705000315,0.13645821364869,0,-0.144787085806673
"447","1",5,"1","5","1",47,2.85997138508625,3.4,1.3,0,3,0.326362497604944,-1.30040353145487,0,0.530667250435725,-0.643448801640864,0.272016045220609,-0.175028398324288,0,-0.248683730489974
"452","1",5,"1","5","1",52,0.998513139030592,3.4,1.3,0,3,0.326362497604944,-1.30040353145487,0,0.530667250435725,1.26702145532013,-0.601218394945817,-0.761756605729481,0,-0.0378289749109719
"475","1",5,"1","5","1",75,3.68544331999561,3.4,1.3,0,3,0.326362497604944,-1.30040353145487,0,0.530667250435725,-0.0633271318178459,-0.577015844083569,0.0365407584192658,0,-0.169957991155956
"478","1",5,"1","5","1",78,4.14192146374177,3.4,1.3,0,3,0.326362497604944,-1.30040353145487,0,0.530667250435725,-0.116514114980841,-0.917136315306465,0.106859326094723,0,0.0382272259802255
"497","1",5,"1","5","1",97,3.09524104373446,3.4,1.3,0,3,0.326362497604944,-1.30040353145487,0,0.530667250435725,-0.102895078956851,0.733534950793876,-0.0754771366795455,0,-0.364678320640267
"508","1",6,"1","6","1",8,3.57398504297976,3.4,1.3,0,3,-0.333625927448758,-1.79373773289217,0,-0.901130665135614,-0.462178170755126,-0.116482993686304,0.0538358969460169,0,0.166421654992716
"513","1",6,"1","6","1",13,3.29647505564127,3.4,1.3,0,3,-0.333625927448758,-1.79373773289217,0,-0.901130665135614,0.217758511345775,0.0934553273607798,0.0203506929634155,0,0.294903131395712
"521","1",6,"1","6","1",21,-1.35569082286716,3.4,1.3,0,3,-0.333625927448758,-1.79373773289217,0,-0.901130665135614,1.7968236458689,-0.795633641144977,-1.42961333985806,0,-0.534333662358895
"526","1",6,"1","6","1",26,2.60723070745331,3.4,1.3,0,3,-0.333625927448758,-1.79373773289217,0,-0.901130665135614,-1.00257551237699,0.458891328721066,-0.46007320901788,0,0.0114808245681253
"534","1",6,"1","6","1",34,3.63260112569785,3.4,1.3,0,3,-0.333625927448758,-1.79373773289217,0,-0.901130665135614,-1.74323199828042,0.124365408672639,-0.216797759877365,0,0.160557808484439
"542","1",6,"1","6","1",42,4.23293767131065,3.4,1.3,0,3,-0.333625927448758,-1.79373773289217,0,-0.901130665135614,-0.604094479012923,-0.579695637315804,0.350190934010355,0,0.13329434749704
"545","1",6,"1","6","1",45,3.29163824556011,3.4,1.3,0,3,-0.333625927448758,-1.79373773289217,0,-0.901130665135614,1.32350699632115,0.351174269785424,0.464781602988979,0,-0.0967863370832856
"559","1",6,"1","6","1",59,3.71589004300587,3.4,1.3,0,3,-0.333625927448758,-1.79373773289217,0,-0.901130665135614,0.170591673669547,1.11058914707375,0.189457261358545,0,0.336097480529677
"561","1",6,"1","6","1",61,3.19415358155826,3.4,1.3,0,3,-0.333625927448758,-1.79373773289217,0,-0.901130665135614,-0.126736425725658,0.804837275725302,-0.1020021996162,0,0.279294242357534
"567","1",6,"1","6","1",67,3.93602203448013,3.4,1.3,0,3,-0.333625927448758,-1.79373773289217,0,-0.901130665135614,-0.581983563089439,-0.712466545537292,0.414643818753817,0,-0.287982479164855
"570","1",6,"1","6","1",70,3.56091638592611,3.4,1.3,0,3,-0.333625927448758,-1.79373773289217,0,-0.901130665135614,0.925062014353834,0.385445853100616,0.356561317293588,0,0.202904720260237
"576","1",6,"1","6","1",76,3.24969701678287,3.4,1.3,0,3,-0.333625927448758,-1.79373773289217,0,-0.901130665135614,-0.0818199765370746,-0.879287447757534,0.0719432783448656,0,-0.00807420625673392
"589","1",6,"1","6","1",89,5.15773098344148,3.4,1.3,0,3,-0.333625927448758,-1.79373773289217,0,-0.901130665135614,-0.961345077263466,-0.713440397411657,0.685862413972587,0,0.177168983292002
"596","1",6,"1","6","1",96,14.666633383203,3.4,1.3,0,3,-0.333625927448758,-1.79373773289217,0,-0.901130665135614,-2.15584517695362,-2.31863114820276,4.99860977798735,0,0.0444084205452085
"597","1",6,"1","6","1",97,2.58124186289169,3.4,1.3,0,3,-0.333625927448758,-1.79373773289217,0,-0.901130665135614,-0.102895078956851,0.733534950793876,-0.0754771366795455,0,-0.3775187450094
"598","1",6,"1","6","1",98,3.21886159312378,3.4,1.3,0,3,-0.333625927448758,-1.79373773289217,0,-0.901130665135614,0.238987977913449,0.192807539784811,0.0460786840596389,0,0.173771766012333
"616","1",7,"1","7","1",16,1.72545522226155,3.4,1.3,0,3,-0.972097102825293,-1.50794401618522,0,-0.774006675847247,-0.240391320210011,0.905476933694382,-0.217668795510505,0,-0.267906325810937
"617","1",7,"1","7","1",17,5.13599972357435,3.4,1.3,0,3,-0.972097102825293,-1.50794401618522,0,-0.774006675847247,-1.86994801119503,-0.531522222206964,0.993918922321875,0,0.106795441056591
"629","1",7,"1","7","1",29,0.714370471815046,3.4,1.3,0,3,-0.972097102825293,-1.50794401618522,0,-0.774006675847247,-0.425648829313888,1.78196331133272,-0.758490597349074,0,-0.113648546280055
"630","1",7,"1","7","1",30,2.1922681462656,3.4,1.3,0,3,-0.972097102825293,-1.50794401618522,0,-0.774006675847247,0.732256046860052,-0.00153249320386794,-0.00112217741530424,0,-0.0808685282141295
"634","1",7,"1","7","1",34,2.30443841603279,3.4,1.3,0,3,-0.972097102825293,-1.50794401618522,0,-0.774006675847247,-1.74323199828042,0.124365408672639,-0.216797759877365,0,-0.00336877782864635
"635","1",7,"1","7","1",35,1.07570304836002,3.4,1.3,0,3,-0.972097102825293,-1.50794401618522,0,-0.774006675847247,0.498389057726709,-1.21455221782193,-0.605319535400158,0,0.0988744182517716
"639","1",7,"1","7","1",39,3.00027457387398,3.4,1.3,0,3,-0.972097102825293,-1.50794401618522,0,-0.774006675847247,-0.491339297512221,-0.27772705000315,0.13645821364869,0,0.166445537257164
"648","1",7,"1","7","1",48,3.19981688957612,3.4,1.3,0,3,-0.972097102825293,-1.50794401618522,0,-0.774006675847247,0.622870613619983,0.612480909096808,0.381496359679653,0,0.0522278595258152
"654","1",7,"1","7","1",54,3.71147125277993,3.4,1.3,0,3,-0.972097102825293,-1.50794401618522,0,-0.774006675847247,-0.984316358318808,-0.405726471439232,0.399363202840605,0,0.189905835424149
"667","1",7,"1","7","1",67,3.50960511530989,3.4,1.3,0,3,-0.972097102825293,-1.50794401618522,0,-0.774006675847247,-0.581983563089439,-0.712466545537292,0.414643818753817,0,0.0376878462253842
"670","1",7,"1","7","1",70,3.06579621198762,3.4,1.3,0,3,-0.972097102825293,-1.50794401618522,0,-0.774006675847247,0.925062014353834,0.385445853100616,0.356561317293588,0,0.0365513133514011
"695","1",7,"1","7","1",95,5.85528941472732,3.4,1.3,0,3,-0.972097102825293,-1.50794401618522,0,-0.774006675847247,-0.990613843273336,-1.53636856198892,1.52194796587617,0,-0.166451715254542
"708","1",8,"1","8","1",8,2.0245237664397,3.4,1.3,0,3,-1.19669505724451,-0.744928721799511,0,-0.404964795323844,-0.462178170755126,-0.116482993686304,0.0538358969460169,0,-0.0619453961686134
"725","1",8,"1","8","1",25,2.74512205920598,3.4,1.3,0,3,-1.19669505724451,-0.744928721799511,0,-0.404964795323844,0.244139841573906,0.512280324962224,0.125068037377706,0,0.0817461425534903
"740","1",8,"1","8","1",40,0.792501742839684,3.4,1.3,0,3,-1.19669505724451,-0.744928721799511,0,-0.404964795323844,-0.213121124158524,2.19756268781792,-0.468347030436583,0,-0.0771287531291458
"744","1",8,"1","8","1",44,0.64756336615427,3.4,1.3,0,3,-1.19669505724451,-0.744928721799511,0,-0.404964795323844,-0.486511112780091,0.843253359734688,-0.410252130400073,0,-0.221074510190054
"748","1",8,"1","8","1",48,3.97964756947989,3.4,1.3,0,3,-1.19669505724451,-0.744928721799511,0,-0.404964795323844,0.622870613619983,0.612480909096808,0.381496359679653,0,0.440608555244328
"778","1",8,"1","8","1",78,2.52957129097319,3.4,1.3,0,3,-1.19669505724451,-0.744928721799511,0,-0.404964795323844,-0.116514114980841,-0.917136315306465,0.106859326094723,0,0.113636273784736
"781","1",8,"1","8","1",81,1.50932560456833,3.4,1.3,0,3,-1.19669505724451,-0.744928721799511,0,-0.404964795323844,-1.17702006618079,0.0838815436902651,-0.0987302601056629,0,0.215559195156465
"783","1",8,"1","8","1",83,7.31040030733362,3.4,1.3,0,3,-1.19669505724451,-0.744928721799511,0,-0.404964795323844,2.8691095652818,0.420733151190164,1.20712950851085,0,0.381991479690816
"794","1",8,"1","8","1",94,1.04724400273068,3.4,1.3,0,3,-1.19669505724451,-0.744928721799511,0,-0.404964795323844,-1.06080304753778,-0.0233961947224962,0.0248187546624112,0,-0.631645178594224
"809","1",9,"1","9","1",9,0.0544634414577934,3.4,1.3,0,3,0.318292553043818,-0.0143025652455627,0,-0.276408930789711,1.53012156789869,-1.26846651913646,-1.94090797908807,0,-0.344862848292533
"812","1",9,"1","9","1",12,2.74750639774574,3.4,1.3,0,3,0.318292553043818,-0.0143025652455627,0,-0.276408930789711,-0.2021209604706,0.922894329472886,-0.18653628828593,0,-0.202871186051725
"827","1",9,"1","9","1",27,3.63720392812313,3.4,1.3,0,3,0.318292553043818,-0.0143025652455627,0,-0.276408930789711,0.59709175418952,-0.433208216255557,-0.258665053773343,0,-0.144270131221307
"850","1",9,"1","9","1",50,9.4499870555164,3.4,1.3,0,3,0.318292553043818,-0.0143025652455627,0,-0.276408930789711,1.29403492031324,1.20071262970535,1.55376407209986,0,-0.163860825487807
"855","1",9,"1","9","1",55,3.77048209982205,3.4,1.3,0,3,0.318292553043818,-0.0143025652455627,0,-0.276408930789711,0.0400146008464013,-0.622129779041078,-0.0248942747829886,0,0.0685447015907035
"861","1",9,"1","9","1",61,3.82239813501797,3.4,1.3,0,3,0.318292553043818,-0.0143025652455627,0,-0.276408930789711,-0.126736425725658,0.804837275725302,-0.1020021996162,0,0.544862559334068
"862","1",9,"1","9","1",62,-3.36325885963555,3.4,1.3,0,3,0.318292553043818,-0.0143025652455627,0,-0.276408930789711,-1.49314941932133,1.26173780684772,-1.88396307363044,0,-0.0306680324910076
"863","1",9,"1","9","1",63,6.002476357014,3.4,1.3,0,3,0.318292553043818,-0.0143025652455627,0,-0.276408930789711,1.38890586896565,0.111656505462559,0.155080375745144,0,0.0760955647364191
"874","1",9,"1","9","1",74,3.65114336635679,3.4,1.3,0,3,0.318292553043818,-0.0143025652455627,0,-0.276408930789711,0.139076332515742,-0.76537380535025,-0.10644538185173,0,0.0439544207324786
"920","1",10,"1","10","1",20,5.16955251783855,3.4,1.3,0,3,0.760202046743021,-0.0338973989621691,0,0.959685348674516,-1.55681398848206,-0.50979926813118,0.793662631944538,0,-0.162217584256499
"927","1",10,"1","10","1",27,3.70118653496548,3.4,1.3,0,3,0.760202046743021,-0.0338973989621691,0,0.959685348674516,0.59709175418952,-0.433208216255557,-0.258665053773343,0,-0.190762711174721
"946","1",10,"1","10","1",46,3.8074478622146,3.4,1.3,0,3,0.760202046743021,-0.0338973989621691,0,0.959685348674516,1.08913210956967,-0.451013316989798,-0.491213085377111,0,0.21334207591656
"948","1",10,"1","10","1",48,6.04360131560847,3.4,1.3,0,3,0.760202046743021,-0.0338973989621691,0,0.959685348674516,0.622870613619983,0.612480909096808,0.381496359679653,0,-0.415824381145029
"970","1",10,"1","10","1",70,6.2185943901838,3.4,1.3,0,3,0.760202046743021,-0.0338973989621691,0,0.959685348674516,0.925062014353834,0.385445853100616,0.356561317293588,0,-0.524701703045408
"975","1",10,"1","10","1",75,4.19718858303617,3.4,1.3,0,3,0.760202046743021,-0.0338973989621691,0,0.959685348674516,-0.0633271318178459,-0.577015844083569,0.0365407584192658,0,-0.0275247231382292
"981","1",10,"1","10","1",81,2.47170347176818,3.4,1.3,0,3,0.760202046743021,-0.0338973989621691,0,0.959685348674516,-1.17702006618079,0.0838815436902651,-0.0987302601056629,0,0.192670356701597
"992","1",10,"1","10","1",92,3.80746253919782,3.4,1.3,0,3,0.760202046743021,-0.0338973989621691,0,0.959685348674516,1.30007780063358,-0.380216341525727,-0.494310825055713,0,-0.0414560608145955
"999","1",10,"1","10","1",99,0.166501717130455,3.4,1.3,0,3,0.760202046743021,-0.0338973989621691,0,0.959685348674516,-0.472785277647072,1.61695558751014,-0.764472796383967,0,-0.368033928549383
"1001","1",11,"1","11","1",1,3.64589001174967,3.4,1.3,0,3,0.277973279399692,-0.651590433840051,0,-1.18380764363968,-0.0461028296710993,0.299559039866351,-0.0138105193913964,0,0.0228928078917802
"1008","1",11,"1","11","1",8,3.24680873450502,3.4,1.3,0,3,0.277973279399692,-0.651590433840051,0,-1.18380764363968,-0.462178170755126,-0.116482993686304,0.0538358969460169,0,-0.229260142237897
"1020","1",11,"1","11","1",20,4.14339513045208,3.4,1.3,0,3,0.277973279399692,-0.651590433840051,0,-1.18380764363968,-1.55681398848206,-0.50979926813118,0.793662631944538,0,0.0334309282492921
"1092","1",11,"1","11","1",92,3.75968071631539,3.4,1.3,0,3,0.277973279399692,-0.651590433840051,0,-1.18380764363968,1.30007780063358,-0.380216341525727,-0.494310825055713,0,0.136488096365053
"1094","1",11,"1","11","1",94,3.32699941739833,3.4,1.3,0,3,0.277973279399692,-0.651590433840051,0,-1.18380764363968,-1.06080304753778,-0.0233961947224962,0.0248187546624112,0,0.29178534932151
"1109","1",12,"1","12","1",9,1.26480215647612,3.4,1.3,0,3,0.129048325878862,0.678568972088275,0,-0.13078124674192,1.53012156789869,-1.26846651913646,-1.94090797908807,0,0.277192344777597
"1113","1",12,"1","12","1",13,3.92203338573932,3.4,1.3,0,3,0.129048325878862,0.678568972088275,0,-0.13078124674192,0.217758511345775,0.0934553273607798,0.0203506929634155,0,-0.0962557639888516
"1116","1",12,"1","12","1",16,2.36451053790492,3.4,1.3,0,3,0.129048325878862,0.678568972088275,0,-0.13078124674192,-0.240391320210011,0.905476933694382,-0.217668795510505,0,-0.0643675905692397
"1143","1",12,"1","12","1",43,3.53484912702403,3.4,1.3,0,3,0.129048325878862,0.678568972088275,0,-0.13078124674192,1.35795105732827,-0.683708347310986,-0.92844247313512,0,-0.0170944712584199
"1152","1",12,"1","12","1",52,4.03423050617738,3.4,1.3,0,3,0.129048325878862,0.678568972088275,0,-0.13078124674192,1.26702145532013,-0.601218394945817,-0.761756605729481,0,0.183939180409226
"1166","1",12,"1","12","1",66,5.80093791630556,3.4,1.3,0,3,0.129048325878862,0.678568972088275,0,-0.13078124674192,-0.962068800647789,-1.44685250736435,1.39197165647426,0,0.18153788764293
"1167","1",12,"1","12","1",67,3.46840115178885,3.4,1.3,0,3,0.129048325878862,0.678568972088275,0,-0.13078124674192,-0.581983563089439,-0.712466545537292,0.414643818753817,0,-0.0988563745868669
"1170","1",12,"1","12","1",70,6.69198608386314,3.4,1.3,0,3,0.129048325878862,0.678568972088275,0,-0.13078124674192,0.925062014353834,0.385445853100616,0.356561317293588,0,0.309586340861134
"1172","1",12,"1","12","1",72,5.63023407606329,3.4,1.3,0,3,0.129048325878862,0.678568972088275,0,-0.13078124674192,-1.63809825365407,-1.08345721973331,1.77480937955404,0,0.249959772821587
"1181","1",12,"1","12","1",81,0.687493528337838,3.4,1.3,0,3,0.129048325878862,0.678568972088275,0,-0.13078124674192,-1.17702006618079,0.0838815436902651,-0.0987302601056629,0,-0.229460701261201
"1185","1",12,"1","12","1",85,-1.06418693252805,3.4,1.3,0,3,0.129048325878862,0.678568972088275,0,-0.13078124674192,-0.80925463815012,1.21280843465378,-0.981470850931157,0,-0.176014569576716
"1189","1",12,"1","12","1",89,4.08004313868005,3.4,1.3,0,3,0.129048325878862,0.678568972088275,0,-0.13078124674192,-0.961345077263466,-0.713440397411657,0.685862413972587,0,0.485193053819479
"1193","1",12,"1","12","1",93,3.45628415073193,3.4,1.3,0,3,0.129048325878862,0.678568972088275,0,-0.13078124674192,0.0292990091143609,-0.482418891072599,-0.014134395486476,0,-0.0901796128977708
"1206","1",13,"1","13","1",6,4.63784971396299,3.4,1.3,0,3,1.12477216637822,0.704401878627396,0,0.0290846860903973,0.603855609579989,-0.58035892596956,-0.350452993016536,0,-0.0357399763361182
"1217","1",13,"1","13","1",17,3.94439546001292,3.4,1.3,0,3,1.12477216637822,0.704401878627396,0,0.0290846860903973,-1.86994801119503,-0.531522222206964,0.993918922321875,0,0.157086013388913
"1221","1",13,"1","13","1",21,3.79277170500296,3.4,1.3,0,3,1.12477216637822,0.704401878627396,0,0.0290846860903973,1.7968236458689,-0.795633641144977,-1.42961333985806,0,-0.00313727792240461
"1231","1",13,"1","13","1",31,4.70738428026424,3.4,1.3,0,3,1.12477216637822,0.704401878627396,0,0.0290846860903973,0.340419044452272,-0.449172898403646,-0.152907008868427,0,-0.0365561793754186
"1234","1",13,"1","13","1",34,0.292208196283517,3.4,1.3,0,3,1.12477216637822,0.704401878627396,0,0.0290846860903973,-1.74323199828042,0.124365408672639,-0.216797759877365,0,-0.0817277034348141
"1266","1",13,"1","13","1",66,6.69547051909291,3.4,1.3,0,3,1.12477216637822,0.704401878627396,0,0.0290846860903973,-0.962068800647789,-1.44685250736435,1.39197165647426,0,-0.117329163996157
"1268","1",13,"1","13","1",68,0.445257889382151,3.4,1.3,0,3,1.12477216637822,0.704401878627396,0,0.0290846860903973,-0.696971844665873,0.969900174729854,-0.675993113923218,0,-0.634862212910014
"1272","1",13,"1","13","1",72,6.64570919860615,3.4,1.3,0,3,1.12477216637822,0.704401878627396,0,0.0290846860903973,-1.63809825365407,-1.08345721973331,1.77480937955404,0,0.028296336891677
"1280","1",13,"1","13","1",80,6.21601378049884,3.4,1.3,0,3,1.12477216637822,0.704401878627396,0,0.0290846860903973,1.49205103087191,-0.295759721222006,-0.441288596939684,0,0.0372722559693213
"1288","1",13,"1","13","1",88,1.30267536586529,3.4,1.3,0,3,1.12477216637822,0.704401878627396,0,0.0290846860903973,-1.29099515192702,0.152571115379767,-0.196968570279378,0,-0.0377892128171627
"1302","1",14,"1","14","1",2,-2.22758802229019,3.4,1.3,0,3,0.792859178747542,0.427942273027325,0,0.619991618473999,-1.13121924271432,1.11568354289885,-1.26208269250687,0,0.102963117206256
"1308","1",14,"1","14","1",8,3.82810831250388,3.4,1.3,0,3,0.792859178747542,0.427942273027325,0,0.619991618473999,-0.462178170755126,-0.116482993686304,0.0538358969460169,0,0.238980836956952
"1311","1",14,"1","14","1",11,2.36604647455665,3.4,1.3,0,3,0.792859178747542,0.427942273027325,0,0.619991618473999,-0.436055854538514,0.586275125641616,-0.255648700906329,0,-0.147887205178056
"1314","1",14,"1","14","1",14,3.31469156030072,3.4,1.3,0,3,0.792859178747542,0.427942273027325,0,0.619991618473999,-0.38542104299071,0.22384437068015,-0.0862743308151425,0,0.100130049091375
"1315","1",14,"1","14","1",15,8.33587020426506,3.4,1.3,0,3,0.792859178747542,0.427942273027325,0,0.619991618473999,0.666447045254024,1.06424748342677,0.709264590748805,0,0.423897129497869
"1326","1",14,"1","14","1",26,0.841637442762399,3.4,1.3,0,3,0.792859178747542,0.427942273027325,0,0.619991618473999,-1.00257551237699,0.458891328721066,-0.46007320901788,0,0.0466320342822498
"1339","1",14,"1","14","1",39,4.1155527489875,3.4,1.3,0,3,0.792859178747542,0.427942273027325,0,0.619991618473999,-0.491339297512221,-0.27772705000315,0.13645821364869,0,0.277721923130687
"1341","1",14,"1","14","1",41,5.76141022378853,3.4,1.3,0,3,0.792859178747542,0.427942273027325,0,0.619991618473999,0.370816862411971,0.764815615098257,0.283606526714417,0,-0.0988523367227322
"1349","1",14,"1","14","1",49,4.39178072801635,3.4,1.3,0,3,0.792859178747542,0.427942273027325,0,0.619991618473999,1.51310949845582,-0.474030853526418,-0.717260587031942,0,0.180832996485198
"1380","1",14,"1","14","1",80,5.0884652518217,3.4,1.3,0,3,0.792859178747542,0.427942273027325,0,0.619991618473999,1.49205103087191,-0.295759721222006,-0.441288596939684,0,-0.0851109544336071
"1395","1",14,"1","14","1",95,8.07687835505054,3.4,1.3,0,3,0.792859178747542,0.427942273027325,0,0.619991618473999,-0.990613843273336,-1.53636856198892,1.52194796587617,0,0.0863038321157694
"1410","1",15,"1","15","1",10,4.43758618398714,3.4,1.3,0,3,0.68041700352051,0.361034889654466,0,0.569144795659188,-1.11966251827131,-0.500816920739607,0.56074593466819,0,0.21558425354564
"1412","1",15,"1","15","1",12,3.0041429777995,3.4,1.3,0,3,0.68041700352051,0.361034889654466,0,0.569144795659188,-0.2021209604706,0.922894329472886,-0.18653628828593,0,-0.0747690359115638
"1414","1",15,"1","15","1",14,2.73930035522938,3.4,1.3,0,3,0.68041700352051,0.361034889654466,0,0.569144795659188,-0.38542104299071,0.22384437068015,-0.0862743308151425,0,-0.392993269848704
"1427","1",15,"1","15","1",27,4.12265670384828,3.4,1.3,0,3,0.68041700352051,0.361034889654466,0,0.569144795659188,0.59709175418952,-0.433208216255557,-0.258665053773343,0,-0.0263375052119808
"1442","1",15,"1","15","1",42,4.25340377479064,3.4,1.3,0,3,0.68041700352051,0.361034889654466,0,0.569144795659188,-0.604094479012923,-0.579695637315804,0.350190934010355,0,-0.0734733720518562
"1444","1",15,"1","15","1",44,1.969742393379,3.4,1.3,0,3,0.68041700352051,0.361034889654466,0,0.569144795659188,-0.486511112780091,0.843253359734688,-0.410252130400073,0,0.161686578516358
"1455","1",15,"1","15","1",55,4.22490091180763,3.4,1.3,0,3,0.68041700352051,0.361034889654466,0,0.569144795659188,0.0400146008464013,-0.622129779041078,-0.0248942747829886,0,0.166869531469068
"1456","1",15,"1","15","1",56,4.34193763358138,3.4,1.3,0,3,0.68041700352051,0.361034889654466,0,0.569144795659188,0.133051234292639,0.17382384176504,0.023127476696327,0,-0.042027425298215
"1474","1",15,"1","15","1",74,3.71610832094318,3.4,1.3,0,3,0.68041700352051,0.361034889654466,0,0.569144795659188,0.139076332515742,-0.76537380535025,-0.10644538185173,0,-0.215400342553103
"1486","1",15,"1","15","1",86,9.01215231136327,3.4,1.3,0,3,0.68041700352051,0.361034889654466,0,0.569144795659188,0.9791203111431,0.774568641495002,0.758395889262275,0,0.598557568654965
"1490","1",15,"1","15","1",90,5.5292030791854,3.4,1.3,0,3,0.68041700352051,0.361034889654466,0,0.569144795659188,-0.870115277962844,-0.829455846486352,0.721722204423378,0,0.318146860553189
"1505","1",16,"1","16","1",5,0.375218364831686,3.4,1.3,0,3,-0.513131776933592,0.403009295194534,0,-0.705502979572808,-0.432956276910476,1.81776711631174,-0.787013682968623,0,0.0314792563635733
"1506","1",16,"1","16","1",6,3.15763909591376,3.4,1.3,0,3,-0.513131776933592,0.403009295194534,0,-0.705502979572808,0.603855609579989,-0.58035892596956,-0.350452993016536,0,0.0465125050535077
"1523","1",16,"1","16","1",23,2.89297295033445,3.4,1.3,0,3,-0.513131776933592,0.403009295194534,0,-0.705502979572808,0.181628472998814,-0.188426867630403,-0.0342236842396596,0,-0.224684109004987
"1526","1",16,"1","16","1",26,-0.128301531866523,3.4,1.3,0,3,-0.513131776933592,0.403009295194534,0,-0.705502979572808,-1.00257551237699,0.458891328721066,-0.46007320901788,0,-0.252137730950593
"1528","1",16,"1","16","1",28,0.135576206294906,3.4,1.3,0,3,-0.513131776933592,0.403009295194534,0,-0.705502979572808,0.787689963851183,-2.37472639485378,-1.87054814811882,0,0.199231805482723
"1559","1",16,"1","16","1",59,3.71736312535754,3.4,1.3,0,3,-0.513131776933592,0.403009295194534,0,-0.705502979572808,0.170591673669547,1.11058914707375,0.189457261358545,0,0.105266574663626
"1584","1",16,"1","16","1",84,2.08419738850687,3.4,1.3,0,3,-0.513131776933592,0.403009295194534,0,-0.705502979572808,-0.874101489933039,-0.329152259425125,0.287712480378328,0,0.0257766987720252
"1597","1",16,"1","16","1",97,2.05162954288337,3.4,1.3,0,3,-0.513131776933592,0.403009295194534,0,-0.705502979572808,-0.102895078956851,0.733534950793876,-0.0754771366795455,0,-0.486825339068155
"1604","1",17,"1","17","1",4,3.22921774562352,3.4,1.3,0,3,0.226979978509897,0.102790515726928,0,0.89533443832066,-0.020927289208481,2.07205107862231,-0.0433624121770741,0,-0.19949453258283
"1615","1",17,"1","17","1",15,7.14195668876197,3.4,1.3,0,3,0.226979978509897,0.102790515726928,0,0.89533443832066,0.666447045254024,1.06424748342677,0.709264590748805,0,-0.182731670289735
"1617","1",17,"1","17","1",17,4.93343973740124,3.4,1.3,0,3,0.226979978509897,0.102790515726928,0,0.89533443832066,-1.86994801119503,-0.531522222206964,0.993918922321875,0,0.0579584868792052
"1638","1",17,"1","17","1",38,5.31530952388896,3.4,1.3,0,3,0.226979978509897,0.102790515726928,0,0.89533443832066,0.869829800341915,0.081794275729223,0.0711470985266616,0,0.190998808085283
"1639","1",17,"1","17","1",39,3.44326064288237,3.4,1.3,0,3,0.226979978509897,0.102790515726928,0,0.89533443832066,-0.491339297512221,-0.27772705000315,0.13645821364869,0,-0.0260236080909072
"1669","1",17,"1","17","1",69,2.52451116896842,3.4,1.3,0,3,0.226979978509897,0.102790515726928,0,0.89533443832066,0.542894219987506,-1.03612905185143,-0.562508473411278,0,0.32712295594321
"1671","1",17,"1","17","1",71,9.95276381249773,3.4,1.3,0,3,0.226979978509897,0.102790515726928,0,0.89533443832066,-1.08960238188267,-1.8442256063958,2.00947261345788,0,0.0266998471415956
"1696","1",17,"1","17","1",96,19.6053108302603,3.4,1.3,0,3,0.226979978509897,0.102790515726928,0,0.89533443832066,-2.15584517695362,-2.31863114820276,4.99860977798735,0,-0.46872679256391
"1697","1",17,"1","17","1",97,3.21709735320216,3.4,1.3,0,3,0.226979978509897,0.102790515726928,0,0.89533443832066,-0.102895078956851,0.733534950793876,-0.0754771366795455,0,0.0284663053815727
"1705","1",18,"1","18","1",5,-0.315899790583638,3.4,1.3,0,3,-1.10892707453709,-2.03721966989829,0,0.986612414353293,-0.432956276910476,1.81776711631174,-0.787013682968623,0,0.21136191919774
"1717","1",18,"1","18","1",17,7.46845442531652,3.4,1.3,0,3,-1.10892707453709,-2.03721966989829,0,0.986612414353293,-1.86994801119503,-0.531522222206964,0.993918922321875,0,-0.163550470275583
"1719","1",18,"1","18","1",19,3.13941759536053,3.4,1.3,0,3,-1.10892707453709,-2.03721966989829,0,0.986612414353293,0.290996699442134,1.01080481085254,0.29414086373832,0,-0.109752458345937
"1728","1",18,"1","18","1",28,-5.71391320919249,3.4,1.3,0,3,-1.10892707453709,-2.03721966989829,0,0.986612414353293,0.787689963851183,-2.37472639485378,-1.87054814811882,0,0.0328648694132193
"1741","1",18,"1","18","1",41,3.03124383734223,3.4,1.3,0,3,-1.10892707453709,-2.03721966989829,0,0.986612414353293,0.370816862411971,0.764815615098257,0.283606526714417,0,-0.117084903411916
"1748","1",18,"1","18","1",48,3.40798838974143,3.4,1.3,0,3,-1.10892707453709,-2.03721966989829,0,0.986612414353293,0.622870613619983,0.612480909096808,0.381496359679653,0,0.0552298089112947
"1752","1",18,"1","18","1",52,-1.80579920033186,3.4,1.3,0,3,-1.10892707453709,-2.03721966989829,0,0.986612414353293,1.26702145532013,-0.601218394945817,-0.761756605729481,0,-0.125970645632826
"1760","1",18,"1","18","1",60,0.0682132731067581,3.4,1.3,0,3,-1.10892707453709,-2.03721966989829,0,0.986612414353293,2.37161605617275,-0.0489616875584611,-0.11611832435096,0,-0.0115388929075477
"1769","1",18,"1","18","1",69,-0.261227616481685,3.4,1.3,0,3,-1.10892707453709,-2.03721966989829,0,0.986612414353293,0.542894219987506,-1.03612905185143,-0.562508473411278,0,0.0904350189846079
"1774","1",18,"1","18","1",74,1.47598921613957,3.4,1.3,0,3,-1.10892707453709,-2.03721966989829,0,0.986612414353293,0.139076332515742,-0.76537380535025,-0.10644538185173,0,-0.288197420634729
"1776","1",18,"1","18","1",76,2.61690664644783,3.4,1.3,0,3,-1.10892707453709,-2.03721966989829,0,0.986612414353293,-0.0818199765370746,-0.879287447757534,0.0719432783448656,0,-0.0212955416877387
"1778","1",18,"1","18","1",78,2.99883409271743,3.4,1.3,0,3,-1.10892707453709,-2.03721966989829,0,0.986612414353293,-0.116514114980841,-0.917136315306465,0.106859326094723,0,0.195857953871208
"1783","1",18,"1","18","1",83,5.22792920311194,3.4,1.3,0,3,-1.10892707453709,-2.03721966989829,0,0.986612414353293,2.8691095652818,0.420733151190164,1.20712950851085,0,0.239662799906561
"1789","1",18,"1","18","1",89,5.55973527917933,3.4,1.3,0,3,-1.10892707453709,-2.03721966989829,0,0.986612414353293,-0.961345077263466,-0.713440397411657,0.685862413972587,0,-0.174327760883532
"1794","1",18,"1","18","1",94,3.02230352272016,3.4,1.3,0,3,-1.10892707453709,-2.03721966989829,0,0.986612414353293,-1.06080304753778,-0.0233961947224962,0.0248187546624112,0,-0.149757030721603
"1803","1",19,"1","19","1",3,5.65444478000756,3.4,1.3,0,3,1.9339559147184,0.370421430829082,0,0.198110983390689,-0.0150223336290284,0.982778834302509,-0.0147636315324399,0,0.392798225482782
"1804","1",19,"1","19","1",4,4.98302739433983,3.4,1.3,0,3,1.9339559147184,0.370421430829082,0,0.198110983390689,-0.020927289208481,2.07205107862231,-0.0433624121770741,0,-0.177293321345755
"1810","1",19,"1","19","1",10,5.3402672010717,3.4,1.3,0,3,1.9339559147184,0.370421430829082,0,0.198110983390689,-1.11966251827131,-0.500816920739607,0.56074593466819,0,0.0832918196157292
"1811","1",19,"1","19","1",11,3.83590749467666,3.4,1.3,0,3,1.9339559147184,0.370421430829082,0,0.198110983390689,-0.436055854538514,0.586275125641616,-0.255648700906329,0,0.0479415426759767
"1818","1",19,"1","19","1",18,3.20494797585852,3.4,1.3,0,3,1.9339559147184,0.370421430829082,0,0.198110983390689,-0.82922124850264,0.322099793826171,-0.267091993178981,0,0.110330842499188
"1873","1",19,"1","19","1",73,15.263763576254,3.4,1.3,0,3,1.9339559147184,0.370421430829082,0,0.198110983390689,2.70400809199138,0.656222726089975,1.77443156149594,0,-0.261854470557283
"1874","1",19,"1","19","1",74,5.31461081473689,3.4,1.3,0,3,1.9339559147184,0.370421430829082,0,0.198110983390689,0.139076332515742,-0.76537380535025,-0.10644538185173,0,0.0887629584943142
"1877","1",19,"1","19","1",77,12.3300312376693,3.4,1.3,0,3,1.9339559147184,0.370421430829082,0,0.198110983390689,1.10848665778746,1.4806334438733,1.64126241760746,0,-0.104503910382143
"1888","1",19,"1","19","1",88,2.521930753295,3.4,1.3,0,3,1.9339559147184,0.370421430829082,0,0.198110983390689,-1.29099515192702,0.152571115379767,-0.196968570279378,0,-0.0255918445548209
"1893","1",19,"1","19","1",93,5.51896348633674,3.4,1.3,0,3,1.9339559147184,0.370421430829082,0,0.198110983390689,0.0292990091143609,-0.482418891072599,-0.014134395486476,0,0.181269244340538
"1897","1",19,"1","19","1",97,4.6308139041878,3.4,1.3,0,3,1.9339559147184,0.370421430829082,0,0.198110983390689,-0.102895078956851,0.733534950793876,-0.0754771366795455,0,-0.289879605704493
"1904","1",20,"1","20","1",4,3.61907696181937,3.4,1.3,0,3,0.657745999420836,0.133292702243058,0,-0.806429766932979,-0.020927289208481,2.07205107862231,-0.0433624121770741,0,-0.313555610115611
"1909","1",20,"1","20","1",9,1.91418874894557,3.4,1.3,0,3,0.657745999420836,0.133292702243058,0,-0.806429766932979,1.53012156789869,-1.26846651913646,-1.94090797908807,0,-0.0791513592392887
"1914","1",20,"1","20","1",14,3.78525391530473,3.4,1.3,0,3,0.657745999420836,0.133292702243058,0,-0.806429766932979,-0.38542104299071,0.22384437068015,-0.0862743308151425,0,0.469177888047255
"1927","1",20,"1","20","1",27,4.62386863499772,3.4,1.3,0,3,0.657745999420836,0.133292702243058,0,-0.806429766932979,0.59709175418952,-0.433208216255557,-0.258665053773343,0,0.277715344019425
"1928","1",20,"1","20","1",28,1.08075132075599,3.4,1.3,0,3,0.657745999420836,0.133292702243058,0,-0.806429766932979,0.787689963851183,-2.37472639485378,-1.87054814811882,0,-0.00280621825075696
"1945","1",20,"1","20","1",45,7.12586986196564,3.4,1.3,0,3,0.657745999420836,0.133292702243058,0,-0.806429766932979,1.32350699632115,0.351174269785424,0.464781602988979,0,0.151619854156276
"1960","1",20,"1","20","1",60,7.18530263297866,3.4,1.3,0,3,0.657745999420836,0.133292702243058,0,-0.806429766932979,2.37161605617275,-0.0489616875584611,-0.11611832435096,0,-0.0169496524671537
"1974","1",20,"1","20","1",74,3.7934512609486,3.4,1.3,0,3,0.657745999420836,0.133292702243058,0,-0.806429766932979,0.139076332515742,-0.76537380535025,-0.10644538185173,0,-0.230136409844371
"1983","1",20,"1","20","1",83,10.960939078314,3.4,1.3,0,3,0.657745999420836,0.133292702243058,0,-0.806429766932979,2.8691095652818,0.420733151190164,1.20712950851085,0,0.142995919712796
"1985","1",20,"1","20","1",85,0.507472834277846,3.4,1.3,0,3,0.657745999420836,0.133292702243058,0,-0.806429766932979,-0.80925463815012,1.21280843465378,-0.981470850931157,0,-0.23744915480053
"1988","1",20,"1","20","1",88,1.72616456183769,3.4,1.3,0,3,0.657745999420836,0.133292702243058,0,-0.806429766932979,-1.29099515192702,0.152571115379767,-0.196968570279378,0,-0.0491431150803677
"2030","1",21,"1","21","1",30,5.68707239230316,3.4,1.3,0,3,0.809989755629625,0.724755471135225,0,-0.668253723197003,0.732256046860052,-0.00153249320386794,-0.00112217741530424,0,-0.00294016746815722
"2035","1",21,"1","21","1",35,3.40821807228454,3.4,1.3,0,3,0.809989755629625,0.724755471135225,0,-0.668253723197003,0.498389057726709,-1.21455221782193,-0.605319535400158,0,-0.399436081785729
"2050","1",21,"1","21","1",50,10.5620619431766,3.4,1.3,0,3,0.809989755629625,0.724755471135225,0,-0.668253723197003,1.29403492031324,1.20071262970535,1.55376407209986,0,0.108984312653632
"2060","1",21,"1","21","1",60,8.30259163893807,3.4,1.3,0,3,0.809989755629625,0.724755471135225,0,-0.668253723197003,2.37161605617275,-0.0489616875584611,-0.11611832435096,0,-0.438582231385514
"2065","1",21,"1","21","1",65,-5.60931136701513,3.4,1.3,0,3,0.809989755629625,0.724755471135225,0,-0.668253723197003,-1.81966141194706,1.48234118483925,-2.69735905339187,0,0.15462520675605
"2074","1",21,"1","21","1",74,4.61078842969144,3.4,1.3,0,3,0.809989755629625,0.724755471135225,0,-0.668253723197003,0.139076332515742,-0.76537380535025,-0.10644538185173,0,0.367406731710786
"2123","1",22,"1","22","1",23,3.42278378661302,3.4,1.3,0,3,0.0916881922970338,0.121492142355033,0,0.759357268790664,0.181628472998814,-0.188426867630403,-0.0342236842396596,0,-0.198428796768608
"2129","1",22,"1","22","1",29,0.0706438782172373,3.4,1.3,0,3,0.0916881922970338,0.121492142355033,0,0.759357268790664,-0.425648829313888,1.78196331133272,-0.758490597349074,0,0.0354492926461271
"2130","1",22,"1","22","1",30,4.87697786245085,3.4,1.3,0,3,0.0916881922970338,0.121492142355033,0,0.759357268790664,0.732256046860052,-0.00153249320386794,-0.00112217741530424,0,0.348612119173388
"2142","1",22,"1","22","1",42,3.69648467676483,3.4,1.3,0,3,0.0916881922970338,0.121492142355033,0,0.759357268790664,-0.604094479012923,-0.579695637315804,0.350190934010355,0,-0.252980793611698
"2155","1",22,"1","22","1",55,3.64120149267027,3.4,1.3,0,3,0.0916881922970338,0.121492142355033,0,0.759357268790664,0.0400146008464013,-0.622129779041078,-0.0248942747829886,0,0.186219332547305
"2162","1",22,"1","22","1",62,-6.18391508003697,3.4,1.3,0,3,0.0916881922970338,0.121492142355033,0,0.759357268790664,-1.49314941932133,1.26173780684772,-1.88396307363044,0,-0.470612830420936
"2163","1",22,"1","22","1",63,6.1240714022002,3.4,1.3,0,3,0.0916881922970338,0.121492142355033,0,0.759357268790664,1.38890586896565,0.111656505462559,0.155080375745144,0,0.075061892893419
"2182","1",22,"1","22","1",82,7.22152599405457,3.4,1.3,0,3,0.0916881922970338,0.121492142355033,0,0.759357268790664,-0.721958146271287,-1.75531802789649,1.26726614953672,0,-0.00801057696184988
"2183","1",22,"1","22","1",83,12.4125123188343,3.4,1.3,0,3,0.0916881922970338,0.121492142355033,0,0.759357268790664,2.8691095652818,0.420733151190164,1.20712950851085,0,0.304376331741511
"2201","1",23,"1","23","1",1,2.79044279490078,3.4,1.3,0,3,-0.246726391639558,0.029193988506333,0,-1.2209504786777,-0.0461028296710993,0.299559039866351,-0.0138105193913964,0,-0.276981611495229
"2204","1",23,"1","23","1",4,3.09528533322304,3.4,1.3,0,3,-0.246726391639558,0.029193988506333,0,-1.2209504786777,-0.020927289208481,2.07205107862231,-0.0433624121770741,0,0.0469720305012501
"2214","1",23,"1","23","1",14,2.18274169325924,3.4,1.3,0,3,-0.246726391639558,0.029193988506333,0,-1.2209504786777,-0.38542104299071,0.22384437068015,-0.0862743308151425,0,-0.304746274775024
"2224","1",23,"1","23","1",24,3.43283562988587,3.4,1.3,0,3,-0.246726391639558,0.029193988506333,0,-1.2209504786777,0.0338304297195769,0.567979080097579,0.0192149763514311,0,0.20041042323335
"2227","1",23,"1","23","1",27,3.52333431951008,3.4,1.3,0,3,-0.246726391639558,0.029193988506333,0,-1.2209504786777,0.59709175418952,-0.433208216255557,-0.258665053773343,0,0.036587880992504
"2242","1",23,"1","23","1",42,2.70441693147495,3.4,1.3,0,3,-0.246726391639558,0.029193988506333,0,-1.2209504786777,-0.604094479012923,-0.579695637315804,0.350190934010355,0,-0.268904940414181
"2246","1",23,"1","23","1",46,4.19047936929512,3.4,1.3,0,3,-0.246726391639558,0.029193988506333,0,-1.2209504786777,1.08913210956967,-0.451013316989798,-0.491213085377111,0,0.463430312612864
"2255","1",23,"1","23","1",55,3.10129508369962,3.4,1.3,0,3,-0.246726391639558,0.029193988506333,0,-1.2209504786777,0.0400146008464013,-0.622129779041078,-0.0248942747829886,0,-0.0608775439219989
"2264","1",23,"1","23","1",64,2.05839278275745,3.4,1.3,0,3,-0.246726391639558,0.029193988506333,0,-1.2209504786777,0.575147421363527,-1.54601134379086,-0.889184437780075,0,-0.277460172184423
"2267","1",23,"1","23","1",67,2.84586135765731,3.4,1.3,0,3,-0.246726391639558,0.029193988506333,0,-1.2209504786777,-0.581983563089439,-0.712466545537292,0.414643818753817,0,-0.271515084508386
"2281","1",23,"1","23","1",81,1.596879436963,3.4,1.3,0,3,-0.246726391639558,0.029193988506333,0,-1.2209504786777,-1.17702006618079,0.0838815436902651,-0.0987302601056629,0,0.183739846902399
"2302","1",24,"1","24","1",2,-1.54513938631068,3.4,1.3,0,3,1.22930192038339,0.904434821975312,0,-0.302817995506525,-1.13121924271432,1.11568354289885,-1.26208269250687,0,-0.276675490353884
"2327","1",24,"1","24","1",27,5.15557958399843,3.4,1.3,0,3,1.22930192038339,0.904434821975312,0,-0.302817995506525,0.59709175418952,-0.433208216255557,-0.258665053773343,0,-0.092305463005865
"2339","1",24,"1","24","1",39,3.9765041708495,3.4,1.3,0,3,1.22930192038339,0.904434821975312,0,-0.302817995506525,-0.491339297512221,-0.27772705000315,0.13645821364869,0,0.0622750690883722
"2360","1",24,"1","24","1",60,9.60202680477592,3.4,1.3,0,3,1.22930192038339,0.904434821975312,0,-0.302817995506525,2.37161605617275,-0.0489616875584611,-0.11611832435096,0,0.0578441206409147
"2361","1",24,"1","24","1",61,3.7814473573521,3.4,1.3,0,3,1.22930192038339,0.904434821975312,0,-0.302817995506525,-0.126736425725658,0.804837275725302,-0.1020021996162,0,-0.293353875725396
"2391","1",24,"1","24","1",91,7.22063322262105,3.4,1.3,0,3,1.22930192038339,0.904434821975312,0,-0.302817995506525,0.960502616035307,0.21984396112285,0.211160699778062,0,-0.0955729506465951
"2399","1",24,"1","24","1",99,1.34144698435697,3.4,1.3,0,3,1.22930192038339,0.904434821975312,0,-0.302817995506525,-0.472785277647072,1.61695558751014,-0.764472796383967,0,-0.183708337332312
"2402","1",25,"1","25","1",2,-1.26610074028026,3.4,1.3,0,3,-0.312806561530235,-0.584219783123028,0,0.0854633942398466,-1.13121924271432,1.11568354289885,-1.26208269250687,0,0.350520124369043
"2409","1",25,"1","25","1",9,-2.00749400995641,3.4,1.3,0,3,-0.312806561530235,-0.584219783123028,0,0.0854633942398466,1.53012156789869,-1.26846651913646,-1.94090797908807,0,-0.20131767508054
"2413","1",25,"1","25","1",13,3.1905358714751,3.4,1.3,0,3,-0.312806561530235,-0.584219783123028,0,0.0854633942398466,0.217758511345775,0.0934553273607798,0.0203506929634155,0,-0.115316119658585
"2441","1",25,"1","25","1",41,4.38251408130566,3.4,1.3,0,3,-0.312806561530235,-0.584219783123028,0,0.0854633942398466,0.370816862411971,0.764815615098257,0.283606526714417,0,0.154839712092175
"2453","1",25,"1","25","1",53,4.28557560030928,3.4,1.3,0,3,-0.312806561530235,-0.584219783123028,0,0.0854633942398466,0.780719600804552,0.212910356747265,0.16622328872688,0,0.126682644018585
"2455","1",25,"1","25","1",55,2.80068113135493,3.4,1.3,0,3,-0.312806561530235,-0.584219783123028,0,0.0854633942398466,0.0400146008464013,-0.622129779041078,-0.0248942747829886,0,-0.238343593217861
"2474","1",25,"1","25","1",74,3.17679908436431,3.4,1.3,0,3,-0.312806561530235,-0.584219783123028,0,0.0854633942398466,0.139076332515742,-0.76537380535025,-0.10644538185173,0,0.318490887633369
"2475","1",25,"1","25","1",75,3.45781983586721,3.4,1.3,0,3,-0.312806561530235,-0.584219783123028,0,0.0854633942398466,-0.0633271318178459,-0.577015844083569,0.0365407584192658,0,0.303209533043812
"2488","1",25,"1","25","1",88,1.72766340048492,3.4,1.3,0,3,-0.312806561530235,-0.584219783123028,0,0.0854633942398466,-1.29099515192702,0.152571115379767,-0.196968570279378,0,0.172278065261374
"2490","1",25,"1","25","1",90,4.74888872766497,3.4,1.3,0,3,-0.312806561530235,-0.584219783123028,0,0.0854633942398466,-0.870115277962844,-0.829455846486352,0.721722204423378,0,0.0576591490049974
